text,frequency
,20
상승,26
하루거래량,17
움직여,25
벌집계좌,18
급등,25
가브리핑,26
무역충돌,12
이유,21
비트코인,28
이용문의,24
눈앞,26
이어가,25
실체,28
읽기,13
지금,20
연기,12
한,12
왜,20
오르며,20
기자의,18
안전자산,16
다시,23
ETF,28
없이,14
인식,22
하루,11
속,11
싶지,26
동안,14
천,22
모네로,28
빗발,14
넘본다,15
상승랠리,17
조정,16
코리,18
시세,25
새,16
넘보,20
이상,15
돌파,14
경계감,20
불안,19
AI봇,20
달,19
심리로,23
리플,26
거래소,26
투자하고,12
,10
비트코,19
실검,20
BTC,23
현재,13
윌리,29
눈앞,10
시장,16
진입,17
왜,11
치솟,24
달러,17
바이두,25
우,15
모네로,16
리플,14
육박,22
불마켓,27
확신,26
비트코인,28
확률,22
급등했나,10
등장한,11
전문가,15
,27
상승,17
FOMO,20
빗썸,23
포커스,26
급등,29
오,22
포모,15
현재,11
캐시,27
심리,13
시작된,27
넘나,12
달러,19
백트,28
모네로,29
상승세,19
돌파,10
출시,13
선물거래,12
상승전망,12
비트코인골드,12
리플,19
반영,29
속보,25
비트코인,15
베타서비스,20
우절,18
상승예상,18
다르다,16
거짓말처럼,16
일,27
이번엔,10
기대감,11
,13
비트코,12
또,23
불붙어,13
SEC,23
개당,21
연기,25
다시,27
투자금,26
스트,13
코앞,15
모네로,29
넘보,27
돌파,18
증시하락,18
몰리,27
회복할까,20
비트코인까지,27
리플,19
주요,28
기업투자,24
비트코인,16
안전자산,19
데,16
ETF,28
일,16
연일,13
오름세,20
쟁,23
도,16
시세,13
없,16
승인,26
김치프리미엄,25
강세,10
,25
상승,25
생생경제,20
미중,23
빗썸,24
카이버,23
급등,20
현재,13
업비트등,10
캐시,29
진입,27
가시화,23
자국통화,28
세계,10
대부,27
모네로,20
여파,22
못,25
모두,15
기준,27
올라,20
상승세,27
거래소별,15
종목,25
제도권시장,13
리플,15
금융시장,21
서,13
뜨,11
무역전쟁,24
비트코인,18
대로,12
대표,11
일,13
네트워크,22
불안정한,28
이더리움,23
시세,28
믿,12
